# Host: 43.248.136.157  (Version 5.7.20)
# Date: 2017-11-17 15:06:20
# Generator: MySQL-Front 6.0  (Build 2.20)


#
# Structure for table "rc_data_dictionary"
#

DROP TABLE IF EXISTS `rc_data_dictionary`;
CREATE TABLE `rc_data_dictionary` (
  `id` bigint(20) NOT NULL AUTO_INCREMENT COMMENT '主键',
  `status_id` char(1) NOT NULL DEFAULT '1' COMMENT '状态',
  `create_time` datetime NOT NULL COMMENT '创建时间',
  `update_time` datetime NOT NULL COMMENT '修改时间',
  `field_name` varchar(255) NOT NULL COMMENT '字段名',
  `field_code` varchar(255) NOT NULL COMMENT '字段CODE',
  `sort` int(11) NOT NULL DEFAULT '1' COMMENT '排序',
  `remark` varchar(255) DEFAULT NULL COMMENT '备注',
  PRIMARY KEY (`id`)
) ENGINE=InnoDB AUTO_INCREMENT=471 DEFAULT CHARSET=utf8 ROW_FORMAT=COMPACT COMMENT='数据字典';

#
# Data for table "rc_data_dictionary"
#

INSERT INTO `rc_data_dictionary` VALUES (421,'1','2016-12-05 16:16:48','2016-12-05 16:16:48','测试字段2','code2',4,'测试数据'),(422,'1','2016-12-05 16:16:48','2017-04-21 14:56:32','测试字段w','code3',1,'测试数据'),(423,'1','2016-12-05 16:16:48','2017-04-21 14:40:18','测试字段4','code4',3,'测试数据'),(424,'1','2016-12-05 16:16:48','2016-12-05 16:16:48','测试字段5','code5',4,'测试数据'),(426,'1','2016-12-05 16:16:48','2017-04-21 14:41:06','测试字段7','code7',3,'测试数据'),(427,'1','2016-12-05 16:16:48','2016-12-05 16:16:48','测试字段8','code8',4,'测试数据'),(429,'1','2016-12-05 16:16:49','2016-12-05 16:16:49','测试字段10','code10',3,'测试数据'),(430,'1','2016-12-05 16:16:49','2016-12-05 16:16:49','测试字段11','code11',4,'测试数据'),(432,'1','2016-12-05 16:16:49','2016-12-05 16:16:49','测试字段13','code13',3,'测试数据'),(433,'1','2016-12-05 16:16:49','2016-12-05 16:16:49','测试字段14','code14',4,'测试数据'),(435,'1','2016-12-05 16:16:49','2016-12-05 16:16:49','测试字段16','code16',3,'测试数据'),(436,'1','2016-12-05 16:16:49','2016-12-05 16:16:49','测试字段17','code17',4,'测试数据'),(438,'1','2016-12-05 16:16:49','2016-12-05 16:16:49','测试字段19','code19',3,'测试数据'),(439,'1','2016-12-05 16:16:49','2016-12-05 16:16:49','测试字段20','code20',4,'测试数据'),(441,'1','2016-12-05 16:16:49','2016-12-05 16:16:49','测试字段22','code22',3,'测试数据'),(442,'1','2016-12-05 16:16:49','2016-12-05 16:16:49','测试字段23','code23',4,'测试数据'),(444,'1','2016-12-05 16:16:49','2016-12-05 16:16:49','测试字段25','code25',3,'测试数据'),(445,'1','2016-12-05 16:16:49','2016-12-05 16:16:49','测试字段26','code26',4,'测试数据'),(447,'1','2016-12-05 16:16:49','2016-12-05 16:16:49','测试字段28','code28',3,'测试数据'),(448,'1','2016-12-05 16:16:49','2016-12-05 16:16:49','测试字段29','code29',4,'测试数据'),(450,'1','2016-12-05 16:16:49','2016-12-05 16:16:49','测试字段31','code31',3,'测试数据'),(451,'1','2016-12-05 16:16:49','2016-12-05 16:16:49','测试字段32','code32',4,'测试数据'),(452,'1','2016-12-05 16:16:49','2017-04-21 14:33:58','测试字段33','code33',2,'测试数据'),(453,'1','2016-12-05 16:16:49','2016-12-05 16:16:49','测试字段34','code34',3,'测试数据'),(454,'1','2016-12-05 16:16:49','2016-12-05 16:16:49','测试字段35','code35',4,'测试数据'),(456,'1','2016-12-05 16:16:49','2016-12-05 16:16:49','测试字段37','code37',3,'测试数据'),(457,'1','2016-12-05 16:16:49','2016-12-05 16:16:49','测试字段38','code38',4,'测试数据'),(458,'1','2016-12-05 16:16:49','2016-12-05 16:16:49','测试字段39','code39',2,'测试数据'),(459,'1','2016-12-05 16:16:49','2016-12-05 16:16:49','测试字段40','code40',3,'测试数据'),(460,'1','2016-12-05 16:16:49','2016-12-05 16:16:49','测试字段41','code41',4,'测试数据'),(461,'1','2016-12-05 16:16:49','2016-12-05 16:16:49','测试字段42','code42',2,'测试数据'),(462,'1','2016-12-05 16:16:49','2016-12-05 16:16:49','测试字段43','code43',3,'测试数据'),(463,'1','2016-12-05 16:16:49','2016-12-05 16:16:49','测试字段44','code44',4,'测试数据'),(464,'1','2016-12-05 16:16:49','2017-04-21 14:35:14','测试字段45','code45',2,'测试数据'),(465,'1','2016-12-05 16:16:49','2016-12-05 16:16:49','测试字段46','code46',3,'测试数据'),(466,'1','2016-12-05 16:16:49','2016-12-05 16:16:49','测试字段47','code47',4,'测试数据'),(468,'1','2016-12-05 16:16:49','2016-12-05 16:16:49','测试字段49','code49',3,'测试数据'),(469,'1','2016-12-05 16:16:49','2016-12-05 16:16:49','测试字段50','code50',4,'测试数据'),(470,'1','2016-12-05 16:19:20','2017-04-21 14:46:54','邮件服务','host_code',2,'邮件测试');

#
# Structure for table "rc_data_dictionary_list"
#

DROP TABLE IF EXISTS `rc_data_dictionary_list`;
CREATE TABLE `rc_data_dictionary_list` (
  `id` bigint(20) NOT NULL AUTO_INCREMENT COMMENT '主键',
  `status_id` char(1) NOT NULL DEFAULT '1' COMMENT '状态',
  `create_time` datetime NOT NULL COMMENT '创建时间',
  `update_time` datetime NOT NULL COMMENT '修改时间',
  `field_code` varchar(255) NOT NULL COMMENT '字段CODE',
  `field_key` varchar(255) NOT NULL COMMENT '字段KEY',
  `field_value` varchar(255) NOT NULL COMMENT '字段VALUE',
  `sort` int(11) NOT NULL DEFAULT '1' COMMENT '字段排序',
  `remark` varchar(255) DEFAULT NULL COMMENT '备注',
  PRIMARY KEY (`id`)
) ENGINE=InnoDB AUTO_INCREMENT=98 DEFAULT CHARSET=utf8 ROW_FORMAT=COMPACT COMMENT='数据字典明细表';

#
# Data for table "rc_data_dictionary_list"
#

INSERT INTO `rc_data_dictionary_list` VALUES (64,'1','2016-12-05 16:31:08','2016-12-22 10:26:25','host_code','qq服务','stmp.qq.com',1,'qq服务选项'),(65,'1','2016-12-05 16:31:41','2016-12-05 16:31:41','host_code','163服务','smtp.163.com',1,'163服务选项'),(90,'1','2016-12-20 18:56:30','2016-12-22 11:28:36','host_code','11','12',1,'2'),(96,'1','2016-12-21 17:38:03','2016-12-21 17:38:03','host_code','eqw','eqw',1,'2'),(97,'1','2017-11-12 13:51:30','2017-11-12 13:51:30','code7','1','1',1,'');

#
# Structure for table "rc_report"
#

DROP TABLE IF EXISTS `rc_report`;
CREATE TABLE `rc_report` (
  `id` bigint(20) NOT NULL AUTO_INCREMENT,
  `status_id` char(1) NOT NULL DEFAULT '1' COMMENT '状态',
  `create_time` datetime NOT NULL COMMENT '创建时间',
  `update_time` datetime NOT NULL COMMENT '修改时间',
  `sort` int(11) NOT NULL DEFAULT '1' COMMENT '排序',
  `user_email` varchar(255) DEFAULT NULL COMMENT '用户QQ',
  `user_nickname` varchar(255) DEFAULT NULL COMMENT '用户昵称',
  PRIMARY KEY (`id`)
) ENGINE=InnoDB AUTO_INCREMENT=24 DEFAULT CHARSET=utf8 ROW_FORMAT=COMPACT COMMENT='报表';

#
# Data for table "rc_report"
#

INSERT INTO `rc_report` VALUES (1,'Y','1899-12-30 01:00:00','1899-12-30 01:00:00',100,'297115770@qq.com','无境'),(2,'Y','2017-06-06 10:06:36','2017-06-06 10:06:36',100,'297115770@qq.com','无境'),(3,'Y','2017-06-06 10:06:41','2017-06-06 10:06:41',100,'297115770@qq.com','无境'),(4,'Y','2017-06-06 10:06:46','2017-06-06 10:06:46',100,'297115770@qq.com','无境'),(5,'Y','2017-06-06 10:06:51','2017-06-06 10:06:51',100,'297115770@qq.com','无境'),(6,'Y','2017-06-06 10:06:56','2017-06-06 10:06:56',100,'297115770@qq.com','无境'),(7,'Y','2017-06-06 10:07:01','2017-06-06 10:07:01',100,'297115770@qq.com','无境'),(8,'Y','2017-06-06 10:07:06','2017-06-06 10:07:06',100,'297115770@qq.com','无境'),(9,'Y','2017-06-06 10:07:11','2017-06-06 10:07:11',100,'297115770@qq.com','无境'),(19,'Y','2017-06-06 10:10:39','2017-06-06 10:10:39',100,'297115770@qq.com','无境'),(20,'Y','2017-06-06 10:10:44','2017-06-06 10:10:44',100,'297115770@qq.com','无境'),(21,'Y','2017-06-06 10:10:49','2017-06-06 10:10:49',100,'297115770@qq.com','无境'),(22,'Y','2017-06-06 10:10:54','2017-06-06 10:10:54',100,'297115770@qq.com','无境'),(23,'Y','2017-06-06 10:10:59','2017-06-06 10:10:59',100,'297115770@qq.com','无境');

#
# Structure for table "sys_menu"
#

DROP TABLE IF EXISTS `sys_menu`;
CREATE TABLE `sys_menu` (
  `id` bigint(20) unsigned NOT NULL AUTO_INCREMENT COMMENT '主键',
  `gmt_create` datetime NOT NULL DEFAULT CURRENT_TIMESTAMP COMMENT '创建时间',
  `gmt_modified` datetime NOT NULL DEFAULT CURRENT_TIMESTAMP COMMENT '修改时间',
  `status_id` char(1) NOT NULL DEFAULT '1' COMMENT '状态',
  `sort` int(11) unsigned NOT NULL DEFAULT '0' COMMENT '排序',
  `parent_id` bigint(1) unsigned DEFAULT NULL COMMENT '父主键',
  `menu_name` varchar(255) NOT NULL DEFAULT '' COMMENT '菜单名称',
  `menu_url` varchar(255) NOT NULL DEFAULT '' COMMENT '菜单路径',
  `target_name` varchar(50) DEFAULT NULL COMMENT '目标名称',
  `menu_icon` varchar(255) DEFAULT NULL COMMENT '菜单图标',
  `remark` varchar(255) DEFAULT NULL COMMENT '备注',
  PRIMARY KEY (`id`)
) ENGINE=InnoDB AUTO_INCREMENT=60 DEFAULT CHARSET=utf8 ROW_FORMAT=DYNAMIC COMMENT='菜单信息';

#
# Data for table "sys_menu"
#

INSERT INTO `sys_menu` VALUES (1,'2017-10-25 21:21:18','2017-11-05 11:07:54','1',3,0,'管理系统','','','list-alt','5'),(2,'2017-10-25 21:22:31','2017-10-29 18:55:15','1',2,0,'报表管理','','','list-alt','2'),(6,'2017-10-26 22:26:55','2017-10-29 18:55:29','1',1,2,'普通报表','','','list-alt',''),(7,'2017-10-27 21:50:10','2017-10-29 18:55:48','1',6,1,'系统管理','','','list-alt','6'),(8,'2017-10-29 18:45:49','2017-11-05 11:07:45','1',1,0,'系统管理','','','list-alt',''),(9,'2017-10-29 18:46:14','2017-10-29 18:46:14','1',0,8,'权限管理','','','list-alt',''),(10,'2017-10-29 18:46:48','2017-11-05 11:12:02','1',5,9,'用户管理','/admin/sysUser/list','admin-sysUser','list-alt',''),(11,'2017-10-29 18:50:28','2017-11-05 11:12:07','1',4,9,'角色管理','/admin/sysRole/list','admin-sysRole','list-alt',''),(12,'2017-10-29 18:50:51','2017-11-05 11:12:12','1',3,9,'菜单管理','/admin/sysMenu/list','admin-sysMenu','list-alt',''),(17,'2017-10-29 18:56:13','2017-11-05 11:11:40','1',1,7,'数据字典管理','/admin/rcDataDictionary/list','admin-rcDataDictionary','list-alt',''),(19,'2017-10-29 18:57:15','2017-11-05 11:11:46','1',1,6,'报表统计','/admin/rcReport/list','admin-rcReport','list-alt',''),(21,'2017-11-05 12:21:11','2017-11-05 12:21:11','1',0,12,'查看','/admin/sysMenu/view','','list-alt',''),(25,'2017-11-13 12:13:06','2017-11-13 12:13:06','1',0,10,'查看','/admin/sysUser/view','','',''),(26,'2017-11-13 12:13:25','2017-11-13 12:13:25','1',0,10,'修改','/admin/sysUser/edit','','',''),(27,'2017-11-13 12:13:39','2017-11-13 12:13:39','1',0,10,'更新','/admin/sysUser/update','','',''),(28,'2017-11-13 12:13:55','2017-11-13 12:13:55','1',0,10,'删除','/admin/sysUser/delete','','',''),(29,'2017-11-13 12:14:16','2017-11-13 12:14:16','1',0,10,'添加','/admin/sysUser/add','','',''),(30,'2017-11-13 12:14:27','2017-11-13 12:14:27','1',0,10,'保存','/admin/sysUser/save','','',''),(32,'2017-11-13 12:15:59','2017-11-13 12:15:59','1',0,11,'查看','/admin/sysRole/view','','',''),(33,'2017-11-13 12:16:13','2017-11-13 12:16:13','1',0,11,'修改','/admin/sysRole/edit','','',''),(34,'2017-11-13 12:16:43','2017-11-13 12:16:43','1',0,12,'修改','/admin/sysMenu/edit','','',''),(35,'2017-11-13 12:16:54','2017-11-13 12:16:54','1',0,12,'更新','/admin/sysMenu/update','','',''),(36,'2017-11-13 12:17:16','2017-11-13 12:17:16','1',0,12,'删除','/admin/sysMenu/delete','','',''),(37,'2017-11-13 12:17:31','2017-11-13 12:17:31','1',0,12,'添加','/admin/sysMenu/add','','',''),(38,'2017-11-13 12:17:42','2017-11-13 12:17:42','1',0,12,'保存','/admin/sysMenu/save','','',''),(39,'2017-11-13 12:21:57','2017-11-13 12:21:57','1',0,11,'更新','/admin/sysRole/update','','',''),(40,'2017-11-13 12:22:10','2017-11-13 12:22:10','1',0,11,'删除','/admin/sysRole/delete','','',''),(41,'2017-11-13 12:22:21','2017-11-13 12:22:21','1',0,11,'添加','/admin/sysRole/add','','',''),(42,'2017-11-13 12:22:29','2017-11-13 12:22:29','1',0,11,'保存','/admin/sysRole/save','','',''),(43,'2017-11-13 12:22:50','2017-11-13 12:22:50','1',0,11,'菜单设置','/admin/sysMenuRole/set','','',''),(44,'2017-11-13 12:25:01','2017-11-13 12:25:01','1',0,11,'菜单授权','/admin/sysMenuRole/setMenu','','',''),(45,'2017-11-13 12:25:40','2017-11-13 12:25:40','1',0,10,'角色设置','/admin/sysRoleUser/set','','',''),(46,'2017-11-13 12:25:51','2017-11-13 12:25:51','1',0,10,'角色授权','/admin/sysRoleUser/setRole','','',''),(47,'2017-11-13 12:28:07','2017-11-13 12:28:07','1',0,19,'报表导出','/admin/rcReport/download','','',''),(48,'2017-11-13 12:32:51','2017-11-13 12:32:51','1',0,17,'查看','/admin/rcDataDictionaryList/list','admin-rcDataDictionaryList','',''),(49,'2017-11-13 12:34:25','2017-11-13 12:34:25','1',0,17,'修改','/admin/rcDataDictionary/edit','','',''),(50,'2017-11-13 12:34:38','2017-11-13 12:34:38','1',0,17,'更新','/admin/rcDataDictionary/update','','',''),(51,'2017-11-13 12:34:48','2017-11-13 12:34:48','1',0,17,'删除','/admin/rcDataDictionary/delete','','',''),(52,'2017-11-13 12:35:02','2017-11-13 12:35:02','1',0,17,'添加','/admin/rcDataDictionary/add','','',''),(53,'2017-11-13 12:35:11','2017-11-13 12:35:11','1',0,17,'保存','/admin/rcDataDictionary/save','','',''),(54,'2017-11-13 12:35:27','2017-11-13 12:35:27','1',0,48,'查看','/admin/rcDataDictionaryList/view','','',''),(55,'2017-11-13 12:35:40','2017-11-13 12:35:40','1',0,48,'修改','/admin/rcDataDictionaryList/edit','','',''),(56,'2017-11-13 12:35:53','2017-11-13 12:35:53','1',0,48,'更新','/admin/rcDataDictionaryList/update','','',''),(57,'2017-11-13 12:36:07','2017-11-13 12:36:07','1',0,48,'删除','/admin/rcDataDictionaryList/delete','','',''),(58,'2017-11-13 12:36:15','2017-11-13 12:36:15','1',0,48,'添加','/admin/rcDataDictionaryList/add','','',''),(59,'2017-11-13 12:36:25','2017-11-13 12:36:25','1',0,48,'保存','/admin/rcDataDictionaryList/save','','','');

#
# Structure for table "sys_menu_role"
#

DROP TABLE IF EXISTS `sys_menu_role`;
CREATE TABLE `sys_menu_role` (
  `id` bigint(20) unsigned NOT NULL AUTO_INCREMENT COMMENT '主键',
  `gmt_create` datetime NOT NULL DEFAULT CURRENT_TIMESTAMP COMMENT '创建时间',
  `gmt_modified` datetime NOT NULL DEFAULT CURRENT_TIMESTAMP COMMENT '修改时间',
  `status_id` char(1) NOT NULL DEFAULT '1' COMMENT '状态',
  `sort` int(11) unsigned NOT NULL DEFAULT '1' COMMENT '排序',
  `menu_id` bigint(20) unsigned NOT NULL COMMENT '菜单ID',
  `role_id` bigint(20) unsigned NOT NULL COMMENT '角色ID',
  PRIMARY KEY (`id`)
) ENGINE=InnoDB AUTO_INCREMENT=6130 DEFAULT CHARSET=utf8 ROW_FORMAT=DYNAMIC COMMENT='菜单角色关联表';

#
# Data for table "sys_menu_role"
#

INSERT INTO `sys_menu_role` VALUES (1174,'2017-11-13 12:36:44','2017-11-13 12:36:44','1',1,1173,2),(1175,'2017-11-13 12:36:44','2017-11-13 12:36:44','1',1,1172,2),(1176,'2017-11-13 12:36:44','2017-11-13 12:36:44','1',1,1171,2),(1177,'2017-11-13 12:36:44','2017-11-13 12:36:44','1',1,1170,2),(1178,'2017-11-13 12:36:44','2017-11-13 12:36:44','1',1,1169,2),(1179,'2017-11-13 12:36:44','2017-11-13 12:36:44','1',1,1168,2),(1180,'2017-11-13 12:36:44','2017-11-13 12:36:44','1',1,1167,2),(1181,'2017-11-13 12:36:44','2017-11-13 12:36:44','1',1,1166,2),(1182,'2017-11-13 12:36:44','2017-11-13 12:36:44','1',1,1165,2),(1183,'2017-11-13 12:36:44','2017-11-13 12:36:44','1',1,1164,2),(1184,'2017-11-13 12:36:44','2017-11-13 12:36:44','1',1,1163,2),(1185,'2017-11-13 12:36:44','2017-11-13 12:36:44','1',1,1162,2),(1186,'2017-11-13 12:36:44','2017-11-13 12:36:44','1',1,1161,2),(1187,'2017-11-13 12:36:44','2017-11-13 12:36:44','1',1,1160,2),(1188,'2017-11-13 12:36:44','2017-11-13 12:36:44','1',1,1159,2),(1189,'2017-11-13 12:36:44','2017-11-13 12:36:44','1',1,1158,2),(1190,'2017-11-13 12:36:44','2017-11-13 12:36:44','1',1,1157,2),(1191,'2017-11-13 12:36:44','2017-11-13 12:36:44','1',1,1156,2),(1192,'2017-11-13 12:36:44','2017-11-13 12:36:44','1',1,1155,2),(1193,'2017-11-13 12:36:44','2017-11-13 12:36:44','1',1,1154,2),(1194,'2017-11-13 12:36:44','2017-11-13 12:36:44','1',1,1153,2),(1195,'2017-11-13 12:36:44','2017-11-13 12:36:44','1',1,1152,2),(1196,'2017-11-13 12:36:45','2017-11-13 12:36:45','1',1,1151,2),(1197,'2017-11-13 12:36:45','2017-11-13 12:36:45','1',1,1150,2),(1198,'2017-11-13 12:36:45','2017-11-13 12:36:45','1',1,1149,2),(1199,'2017-11-13 12:36:45','2017-11-13 12:36:45','1',1,1148,2),(1200,'2017-11-13 12:36:45','2017-11-13 12:36:45','1',1,1147,2),(1201,'2017-11-13 12:36:45','2017-11-13 12:36:45','1',1,1146,2),(1202,'2017-11-13 12:36:45','2017-11-13 12:36:45','1',1,1145,2),(1203,'2017-11-13 12:36:45','2017-11-13 12:36:45','1',1,1144,2),(1204,'2017-11-13 12:36:45','2017-11-13 12:36:45','1',1,1143,2),(1205,'2017-11-13 12:36:45','2017-11-13 12:36:45','1',1,1142,2),(1206,'2017-11-13 12:36:45','2017-11-13 12:36:45','1',1,1141,2),(1207,'2017-11-13 12:36:45','2017-11-13 12:36:45','1',1,1140,2),(1208,'2017-11-13 12:36:45','2017-11-13 12:36:45','1',1,1139,2),(1209,'2017-11-13 12:36:45','2017-11-13 12:36:45','1',1,1138,2),(1210,'2017-11-13 12:36:45','2017-11-13 12:36:45','1',1,1137,2),(1211,'2017-11-13 12:36:45','2017-11-13 12:36:45','1',1,1136,2),(1212,'2017-11-13 12:36:45','2017-11-13 12:36:45','1',1,1135,2),(1213,'2017-11-13 12:36:45','2017-11-13 12:36:45','1',1,1134,2),(1214,'2017-11-13 12:36:45','2017-11-13 12:36:45','1',1,1133,2),(1215,'2017-11-13 12:36:45','2017-11-13 12:36:45','1',1,1132,2),(1216,'2017-11-13 12:36:45','2017-11-13 12:36:45','1',1,1131,2),(1217,'2017-11-13 12:36:45','2017-11-13 12:36:45','1',1,1130,2),(1218,'2017-11-13 12:36:45','2017-11-13 12:36:45','1',1,1129,2),(1219,'2017-11-13 12:36:45','2017-11-13 12:36:45','1',1,1128,2),(1220,'2017-11-13 12:36:45','2017-11-13 12:36:45','1',1,1127,2),(1221,'2017-11-13 12:36:45','2017-11-13 12:36:45','1',1,1126,2),(1222,'2017-11-13 12:36:45','2017-11-13 12:36:45','1',1,1125,2),(1223,'2017-11-13 12:36:45','2017-11-13 12:36:45','1',1,1124,2),(1224,'2017-11-13 12:36:45','2017-11-13 12:36:45','1',1,1123,2),(1225,'2017-11-13 12:36:45','2017-11-13 12:36:45','1',1,1122,2),(1226,'2017-11-13 12:36:45','2017-11-13 12:36:45','1',1,1121,2),(1227,'2017-11-13 12:36:45','2017-11-13 12:36:45','1',1,1120,2),(1228,'2017-11-13 12:36:45','2017-11-13 12:36:45','1',1,1119,2),(1229,'2017-11-13 12:36:45','2017-11-13 12:36:45','1',1,1118,2),(1230,'2017-11-13 12:36:45','2017-11-13 12:36:45','1',1,1117,2),(1231,'2017-11-13 12:36:45','2017-11-13 12:36:45','1',1,1116,2),(1232,'2017-11-13 12:36:45','2017-11-13 12:36:45','1',1,1115,2),(1233,'2017-11-13 12:36:45','2017-11-13 12:36:45','1',1,1114,2),(1234,'2017-11-13 12:36:45','2017-11-13 12:36:45','1',1,1113,2),(1235,'2017-11-13 12:36:45','2017-11-13 12:36:45','1',1,1112,2),(1236,'2017-11-13 12:36:45','2017-11-13 12:36:45','1',1,1111,2),(1237,'2017-11-13 12:36:45','2017-11-13 12:36:45','1',1,1110,2),(1238,'2017-11-13 12:36:45','2017-11-13 12:36:45','1',1,1109,2),(1239,'2017-11-13 12:36:45','2017-11-13 12:36:45','1',1,1108,2),(1240,'2017-11-13 12:36:45','2017-11-13 12:36:45','1',1,1107,2),(1241,'2017-11-13 12:36:45','2017-11-13 12:36:45','1',1,1106,2),(1242,'2017-11-13 12:36:45','2017-11-13 12:36:45','1',1,1105,2),(1243,'2017-11-13 12:36:45','2017-11-13 12:36:45','1',1,1104,2),(1244,'2017-11-13 12:36:45','2017-11-13 12:36:45','1',1,1103,2),(1245,'2017-11-13 12:36:45','2017-11-13 12:36:45','1',1,1102,2),(1246,'2017-11-13 12:36:45','2017-11-13 12:36:45','1',1,1101,2),(1247,'2017-11-13 12:36:45','2017-11-13 12:36:45','1',1,1100,2),(1248,'2017-11-13 12:36:45','2017-11-13 12:36:45','1',1,1099,2),(1249,'2017-11-13 12:36:45','2017-11-13 12:36:45','1',1,1098,2),(1250,'2017-11-13 12:36:45','2017-11-13 12:36:45','1',1,1097,2),(1251,'2017-11-13 12:36:45','2017-11-13 12:36:45','1',1,1096,2),(1252,'2017-11-13 12:36:45','2017-11-13 12:36:45','1',1,1095,2),(1253,'2017-11-13 12:36:45','2017-11-13 12:36:45','1',1,1,2),(1254,'2017-11-13 12:36:45','2017-11-13 12:36:45','1',1,7,2),(1255,'2017-11-13 12:36:45','2017-11-13 12:36:45','1',1,17,2),(1256,'2017-11-13 12:36:45','2017-11-13 12:36:45','1',1,53,2),(1257,'2017-11-13 12:36:45','2017-11-13 12:36:45','1',1,52,2),(1258,'2017-11-13 12:36:45','2017-11-13 12:36:45','1',1,51,2),(1259,'2017-11-13 12:36:45','2017-11-13 12:36:45','1',1,50,2),(1260,'2017-11-13 12:36:45','2017-11-13 12:36:45','1',1,49,2),(1261,'2017-11-13 12:36:45','2017-11-13 12:36:45','1',1,48,2),(1262,'2017-11-13 12:36:45','2017-11-13 12:36:45','1',1,59,2),(1263,'2017-11-13 12:36:45','2017-11-13 12:36:45','1',1,58,2),(1264,'2017-11-13 12:36:45','2017-11-13 12:36:45','1',1,57,2),(1265,'2017-11-13 12:36:45','2017-11-13 12:36:45','1',1,56,2),(1266,'2017-11-13 12:36:45','2017-11-13 12:36:45','1',1,55,2),(1267,'2017-11-13 12:36:45','2017-11-13 12:36:45','1',1,54,2),(1268,'2017-11-13 12:36:45','2017-11-13 12:36:45','1',1,2,2),(1269,'2017-11-13 12:36:45','2017-11-13 12:36:45','1',1,6,2),(1270,'2017-11-13 12:36:45','2017-11-13 12:36:45','1',1,19,2),(1271,'2017-11-13 12:36:45','2017-11-13 12:36:45','1',1,47,2),(1272,'2017-11-13 12:36:45','2017-11-13 12:36:45','1',1,8,2),(1273,'2017-11-13 12:36:45','2017-11-13 12:36:45','1',1,9,2),(1274,'2017-11-13 12:36:45','2017-11-13 12:36:45','1',1,10,2),(1275,'2017-11-13 12:36:45','2017-11-13 12:36:45','1',1,46,2),(1276,'2017-11-13 12:36:45','2017-11-13 12:36:45','1',1,45,2),(1277,'2017-11-13 12:36:45','2017-11-13 12:36:45','1',1,30,2),(1278,'2017-11-13 12:36:45','2017-11-13 12:36:45','1',1,29,2),(1279,'2017-11-13 12:36:45','2017-11-13 12:36:45','1',1,28,2),(1280,'2017-11-13 12:36:45','2017-11-13 12:36:45','1',1,27,2),(1281,'2017-11-13 12:36:45','2017-11-13 12:36:45','1',1,26,2),(1282,'2017-11-13 12:36:45','2017-11-13 12:36:45','1',1,25,2),(1283,'2017-11-13 12:36:45','2017-11-13 12:36:45','1',1,11,2),(1284,'2017-11-13 12:36:45','2017-11-13 12:36:45','1',1,44,2),(1285,'2017-11-13 12:36:45','2017-11-13 12:36:45','1',1,43,2),(1286,'2017-11-13 12:36:45','2017-11-13 12:36:45','1',1,42,2),(1287,'2017-11-13 12:36:45','2017-11-13 12:36:45','1',1,41,2),(1288,'2017-11-13 12:36:45','2017-11-13 12:36:45','1',1,40,2),(1289,'2017-11-13 12:36:45','2017-11-13 12:36:45','1',1,39,2),(1290,'2017-11-13 12:36:45','2017-11-13 12:36:45','1',1,33,2),(1291,'2017-11-13 12:36:45','2017-11-13 12:36:45','1',1,32,2),(1292,'2017-11-13 12:36:45','2017-11-13 12:36:45','1',1,12,2),(1293,'2017-11-13 12:36:45','2017-11-13 12:36:45','1',1,38,2),(1294,'2017-11-13 12:36:45','2017-11-13 12:36:45','1',1,37,2),(1295,'2017-11-13 12:36:45','2017-11-13 12:36:45','1',1,36,2),(1296,'2017-11-13 12:36:45','2017-11-13 12:36:45','1',1,35,2),(1297,'2017-11-13 12:36:45','2017-11-13 12:36:45','1',1,34,2),(1298,'2017-11-13 12:36:45','2017-11-13 12:36:45','1',1,21,2),(6101,'2017-11-13 15:21:33','2017-11-13 15:21:33','1',1,1,3),(6102,'2017-11-13 15:21:33','2017-11-13 15:21:33','1',1,7,3),(6103,'2017-11-13 15:21:33','2017-11-13 15:21:33','1',1,17,3),(6104,'2017-11-13 15:21:33','2017-11-13 15:21:33','1',1,52,3),(6105,'2017-11-13 15:21:33','2017-11-13 15:21:33','1',1,49,3),(6106,'2017-11-13 15:21:33','2017-11-13 15:21:33','1',1,48,3),(6107,'2017-11-13 15:21:33','2017-11-13 15:21:33','1',1,58,3),(6108,'2017-11-13 15:21:33','2017-11-13 15:21:33','1',1,55,3),(6109,'2017-11-13 15:21:33','2017-11-13 15:21:33','1',1,54,3),(6110,'2017-11-13 15:21:33','2017-11-13 15:21:33','1',1,2,3),(6111,'2017-11-13 15:21:33','2017-11-13 15:21:33','1',1,6,3),(6112,'2017-11-13 15:21:33','2017-11-13 15:21:33','1',1,19,3),(6113,'2017-11-13 15:21:33','2017-11-13 15:21:33','1',1,47,3),(6114,'2017-11-13 15:21:33','2017-11-13 15:21:33','1',1,8,3),(6115,'2017-11-13 15:21:33','2017-11-13 15:21:33','1',1,9,3),(6116,'2017-11-13 15:21:33','2017-11-13 15:21:33','1',1,10,3),(6117,'2017-11-13 15:21:33','2017-11-13 15:21:33','1',1,45,3),(6118,'2017-11-13 15:21:33','2017-11-13 15:21:33','1',1,29,3),(6119,'2017-11-13 15:21:33','2017-11-13 15:21:33','1',1,26,3),(6120,'2017-11-13 15:21:33','2017-11-13 15:21:33','1',1,25,3),(6121,'2017-11-13 15:21:33','2017-11-13 15:21:33','1',1,11,3),(6122,'2017-11-13 15:21:33','2017-11-13 15:21:33','1',1,43,3),(6123,'2017-11-13 15:21:33','2017-11-13 15:21:33','1',1,41,3),(6124,'2017-11-13 15:21:33','2017-11-13 15:21:33','1',1,33,3),(6125,'2017-11-13 15:21:33','2017-11-13 15:21:33','1',1,32,3),(6126,'2017-11-13 15:21:33','2017-11-13 15:21:33','1',1,12,3),(6127,'2017-11-13 15:21:33','2017-11-13 15:21:33','1',1,37,3),(6128,'2017-11-13 15:21:33','2017-11-13 15:21:33','1',1,34,3),(6129,'2017-11-13 15:21:33','2017-11-13 15:21:33','1',1,21,3);

#
# Structure for table "sys_role"
#

DROP TABLE IF EXISTS `sys_role`;
CREATE TABLE `sys_role` (
  `id` bigint(20) unsigned NOT NULL AUTO_INCREMENT COMMENT '主键',
  `gmt_create` datetime NOT NULL DEFAULT CURRENT_TIMESTAMP COMMENT '创建时间',
  `gmt_modified` datetime NOT NULL DEFAULT CURRENT_TIMESTAMP COMMENT '修改时间',
  `status_id` char(1) NOT NULL DEFAULT '1' COMMENT '状态',
  `sort` int(11) unsigned NOT NULL DEFAULT '1' COMMENT '排序',
  `role_name` varchar(50) NOT NULL COMMENT '名称',
  `remark` varchar(255) NOT NULL COMMENT '备注',
  PRIMARY KEY (`id`)
) ENGINE=InnoDB AUTO_INCREMENT=4 DEFAULT CHARSET=utf8 ROW_FORMAT=DYNAMIC COMMENT='角色信息';

#
# Data for table "sys_role"
#

INSERT INTO `sys_role` VALUES (2,'2017-10-25 21:41:45','2017-11-05 08:36:21','1',100,'超级管理员','1'),(3,'2017-11-05 12:05:27','2017-11-05 12:05:27','1',1,'普通用户','');

#
# Structure for table "sys_role_user"
#

DROP TABLE IF EXISTS `sys_role_user`;
CREATE TABLE `sys_role_user` (
  `id` bigint(20) unsigned NOT NULL AUTO_INCREMENT COMMENT '主键',
  `gmt_create` datetime NOT NULL DEFAULT CURRENT_TIMESTAMP COMMENT '创建时间',
  `gmt_modified` datetime NOT NULL DEFAULT CURRENT_TIMESTAMP COMMENT '修改时间',
  `status_id` char(1) NOT NULL DEFAULT '1' COMMENT '状态',
  `sort` int(11) unsigned NOT NULL DEFAULT '1' COMMENT '排序',
  `role_id` bigint(20) unsigned NOT NULL COMMENT '角色ID',
  `user_id` bigint(20) unsigned NOT NULL DEFAULT '0' COMMENT '用户ID',
  PRIMARY KEY (`id`)
) ENGINE=InnoDB AUTO_INCREMENT=21 DEFAULT CHARSET=utf8 ROW_FORMAT=DYNAMIC COMMENT='角色用户关联表';

#
# Data for table "sys_role_user"
#

INSERT INTO `sys_role_user` VALUES (20,'2017-11-13 15:20:52','2017-11-13 15:20:52','1',1,3,3);

#
# Structure for table "sys_user"
#

DROP TABLE IF EXISTS `sys_user`;
CREATE TABLE `sys_user` (
  `id` bigint(20) unsigned NOT NULL AUTO_INCREMENT COMMENT '主键',
  `gmt_create` datetime NOT NULL DEFAULT CURRENT_TIMESTAMP COMMENT '创建时间',
  `gmt_modified` datetime NOT NULL DEFAULT CURRENT_TIMESTAMP COMMENT '修改时间',
  `status_id` char(1) NOT NULL DEFAULT '1' COMMENT '状态',
  `sort` int(11) unsigned NOT NULL DEFAULT '0' COMMENT '排序',
  `user_status` char(1) NOT NULL DEFAULT '1' COMMENT '用户状态',
  `user_phone` char(15) NOT NULL DEFAULT '' COMMENT '用户手机',
  `user_email` varchar(255) NOT NULL DEFAULT '' COMMENT '用户邮箱',
  `user_realname` varchar(50) NOT NULL DEFAULT '' COMMENT '真实姓名',
  `user_nickname` varchar(50) NOT NULL DEFAULT '' COMMENT '用户昵称',
  `user_sex` char(1) NOT NULL DEFAULT '1' COMMENT '性别',
  `salt` char(32) NOT NULL COMMENT '密码盐',
  `pwd` varchar(32) NOT NULL COMMENT '用户密码',
  `remark` varchar(255) DEFAULT NULL COMMENT '备注',
  PRIMARY KEY (`id`)
) ENGINE=InnoDB AUTO_INCREMENT=4 DEFAULT CHARSET=utf8 ROW_FORMAT=DYNAMIC COMMENT='后台用户信息';

#
# Data for table "sys_user"
#

INSERT INTO `sys_user` VALUES (3,'2017-11-05 08:35:52','2017-11-05 08:35:52','1',0,'1','188*********','297***770@qq.com','龙果学院','龙果学院','1','673d4970e7fd4ccfa97096333a7eb947','8e81dfb15b95849a900f2ec4e30394e3','超级管理员');
